Source title,CiteScore,Highest percentile,2021-24 Citations,2021-24 Documents,% Cited,SNIP,SJR,Publisher
Advanced Science,,,,,,,,
Nature,78.1,"99.0%
1/200
",390062.0,4992.0,94.0,10.161,18.288,Springer Nature
Nature Energy,73.0,"99.0%
1/297
Renewable Energy, Sustainability and the Environment",39648.0,543.0,90.0,7.32,17.599,Springer Nature
Proceedings of the IEEE,71.1,"99.0%
2/970
Electrical and Electronic Engineering",19976.0,281.0,91.0,11.377,6.247,IEEE
Nature Nanotechnology,62.2,"99.0%
1/443
Condensed Matter Physics",44687.0,719.0,94.0,6.477,14.612,Springer Nature
Nature Materials,61.8,"99.0%
1/720
Mechanical Engineering",50439.0,816.0,94.0,6.733,14.204,Springer Nature
Nature Photonics,53.6,"99.0%
2/232
Atomic and Molecular Physics, and Optics",29880.0,557.0,94.0,7.198,11.546,Springer Nature
Nano-Micro Letters,53.1,"99.0%
4/970
Electrical and Electronic Engineering",49670.0,935.0,98.0,3.856,8.188,Open Access Science Online
Joule,50.8,"99.0%
1/78
General Energy",36030.0,709.0,94.0,4.67,10.868,Elsevier
Nature Electronics,49.1,"99.0%
1/174
Instrumentation",20608.0,420.0,91.0,6.327,11.082,Springer Nature
Science,48.4,"98.0%
3/200
",235433.0,4865.0,80.0,6.623,10.416,American Association for the Advancement of Science
Energy and Environmental Science,44.0,"99.0%
1/150
Environmental Chemistry",83569.0,1899.0,85.0,4.098,10.529,Royal Society of Chemistry
Environmental Chemistry Letters,42.8,"99.0%
2/150
Environmental Chemistry",29047.0,679.0,96.0,3.878,3.929,Springer Nature
Nature Sustainability,42.1,"99.0%
1/841
Geography, Planning and Development",25190.0,598.0,91.0,5.343,7.292,Springer Nature
Advanced Energy Materials,40.7,"99.0%
5/460
General Materials Science",139604.0,3433.0,94.0,3.282,8.378,John Wiley & Sons
Advanced Materials,39.4,"99.0%
4/720
Mechanical Engineering",359831.0,9137.0,91.0,3.874,8.851,John Wiley & Sons
Materials Today,35.8,"99.0%
5/720
Mechanical Engineering",24401.0,682.0,90.0,3.41,5.755,Elsevier
Energy Storage Materials,31.8,"98.0%
5/299
Energy Engineering and Power Technology",78305.0,2463.0,90.0,2.597,5.791,Elsevier
Advanced Composites and Hybrid Materials,31.7,"99.0%
2/167
Polymers and Plastics",27109.0,854.0,87.0,2.296,3.214,Springer Nature
Accounts of Chemical Research,30.7,"98.0%
7/404
General Chemistry",38196.0,1245.0,93.0,3.217,5.433,American Chemical Society
Nano Energy,30.4,"99.0%
8/970
Electrical and Electronic Engineering",132882.0,4366.0,92.0,2.252,4.566,Elsevier
Light: Science and Applications,30.1,"98.0%
5/232
Atomic and Molecular Physics, and Optics",30782.0,1023.0,88.0,4.549,5.018,Springer Nature
ACS Energy Letters,29.6,"98.0%
2/124
Chemistry (miscellaneous)",63694.0,2155.0,89.0,2.619,6.799,American Chemical Society
Nature Physics,29.1,"98.0%
5/246
General Physics and Astronomy",28747.0,987.0,88.0,4.364,7.125,Springer Nature
Nature Chemistry,28.1,"99.0%
3/274
General Chemical Engineering",22532.0,803.0,91.0,3.422,6.71,Springer Nature
Advanced Functional Materials,27.7,"98.0%
7/443
Condensed Matter Physics",326792.0,11790.0,91.0,2.588,5.439,John Wiley & Sons
Angewandte Chemie - International Edition,27.6,"97.0%
10/404
General Chemistry",398481.0,14433.0,92.0,2.465,5.55,John Wiley & Sons
Journal of Energy Chemistry,27.1,"97.0%
7/299
Energy Engineering and Power Technology",71260.0,2627.0,96.0,1.886,3.394,Elsevier
Chem,27.0,"99.0%
1/76
Biochemistry (medical)",22611.0,838.0,92.0,2.539,6.01,Elsevier
Physical Review X,25.7,"97.0%
6/246
General Physics and Astronomy",23321.0,906.0,90.0,3.714,6.415,American Physical Society
Matter,25.4,"97.0%
13/460
General Materials Science",23586.0,930.0,91.0,2.227,4.804,Elsevier
Journal of Materials Science and Technology,25.4,"98.0%
3/175
Metals and Alloys",84357.0,3324.0,98.0,2.394,2.865,Chinese Society of Metals
Journal of Hazardous Materials,24.6,"99.0%
2/219
Environmental Engineering",305836.0,12433.0,88.0,2.105,3.078,Elsevier
ACS Nano,24.2,"99.0%
1/344
General Engineering",194482.0,8028.0,86.0,2.341,4.497,American Chemical Society
Nature Communications,23.4,"97.0%
5/200
",764101.0,32699.0,87.0,3.15,4.761,Springer Nature
Journal of the American Chemical Society,22.5,"97.0%
11/441
Biochemistry",251270.0,11184.0,88.0,2.61,5.554,American Chemical Society
Sustainable Production and Consumption,22.5,"98.0%
4/219
Environmental Engineering",33212.0,1474.0,88.0,2.404,2.588,Elsevier
Journal of Advanced Research,22.1,"97.0%
6/200
",15394.0,698.0,97.0,2.516,2.576,Elsevier
Carbon,21.4,"95.0%
19/460
General Materials Science",76024.0,3551.0,92.0,1.759,2.32,Elsevier
IEEE Transactions on Sustainable Energy,21.1,"94.0%
18/297
Renewable Energy, Sustainability and the Environment",17128.0,811.0,92.0,3.215,4.261,IEEE
Chemical Engineering Journal,20.6,"97.0%
7/274
General Chemical Engineering",627417.0,30503.0,85.0,1.846,2.696,Elsevier
Science Bulletin,20.3,"96.0%
7/200
",23563.0,1159.0,89.0,2.24,2.614,Elsevier
Applied Energy,20.1,"98.0%
5/406
Management, Monitoring, Policy and Law",135329.0,6726.0,93.0,2.512,2.902,Elsevier
Energy Conversion and Management,19.8,"98.0%
2/80
Nuclear Energy and Engineering",94703.0,4787.0,92.0,2.261,2.659,Elsevier
Nano Today,19.6,"98.0%
3/185
Pharmaceutical Science",23189.0,1185.0,84.0,1.628,2.962,Elsevier
Science Advances,19.6,"96.0%
8/200
",168617.0,8602.0,87.0,2.636,4.324,American Association for the Advancement of Science
National Science Review,19.5,"95.0%
9/200
",21653.0,1112.0,88.0,2.481,2.903,Oxford University Press
ACS Central Science,19.3,"96.0%
9/274
General Chemical Engineering",15659.0,810.0,86.0,1.923,3.286,American Chemical Society
Journal of Colloid and Interface Science,18.5,"95.0%
6/132
Surfaces, Coatings and Films",160551.0,8671.0,94.0,1.324,1.885,Elsevier
Renewable Energy,17.6,"98.0%
7/344
General Engineering",130366.0,7425.0,88.0,2.035,2.08,Elsevier
Sustainable Energy Technologies and Assessments,17.3,"95.0%
13/299
Energy Engineering and Power Technology",49244.0,2845.0,92.0,1.713,1.606,Elsevier
CCS Chemistry,17.1,"93.0%
26/404
General Chemistry",18053.0,1055.0,95.0,1.276,2.624,Chinese Chemical Society
Nano Research,17.1,"97.0%
11/443
Condensed Matter Physics",67192.0,3918.0,91.0,1.269,2.367,Tsinghua University Press
Materials Today Physics,17.1,"98.0%
2/87
Physics and Astronomy (miscellaneous)",19910.0,1166.0,89.0,1.71,2.278,Elsevier
Journal of Materials Chemistry A,16.7,"93.0%
27/404
General Chemistry",157401.0,9410.0,84.0,1.335,2.462,Royal Society of Chemistry
Materials Today Energy,16.7,"96.0%
3/80
Nuclear Energy and Engineering",17797.0,1067.0,89.0,1.292,2.116,Elsevier
Proceedings of the National Academy of Sciences of the United States of America,16.5,"95.0%
10/200
",226600.0,13719.0,87.0,2.383,3.414,National Academy of Sciences
Energy,16.5,"99.0%
2/361
Modeling and Simulation",235823.0,14307.0,88.0,2.164,2.211,Elsevier
Small,16.1,"94.0%
19/314
Biotechnology",163984.0,10192.0,86.0,1.675,3.301,John Wiley & Sons
Green Chemistry,16.1,"93.0%
12/176
Pollution",55274.0,3431.0,88.0,1.672,1.928,Royal Society of Chemistry
Materials Horizons,15.9,"96.0%
38/970
Electrical and Electronic Engineering",25462.0,1597.0,79.0,1.679,2.885,Royal Society of Chemistry
Physical Review Letters,15.6,"94.0%
15/246
General Physics and Astronomy",141008.0,9064.0,88.0,2.412,2.856,American Physical Society
Small Methods,15.5,"92.0%
31/404
General Chemistry",25729.0,1662.0,89.0,1.411,2.638,John Wiley & Sons
Acta Materialia,15.4,"95.0%
9/175
Metals and Alloys",48330.0,3140.0,88.0,2.545,2.972,Acta Materialia Inc
Laser and Photonics Reviews,15.1,"96.0%
18/443
Condensed Matter Physics",21824.0,1441.0,89.0,2.413,2.679,John Wiley & Sons
Nano Letters,14.9,"97.0%
22/720
Mechanical Engineering",90646.0,6095.0,83.0,1.676,2.967,American Chemical Society
Journal of Power Sources,14.9,"95.0%
44/970
Electrical and Electronic Engineering",79593.0,5333.0,87.0,1.482,1.784,Elsevier
Materials and Design,14.9,"96.0%
23/720
Mechanical Engineering",61684.0,4150.0,88.0,1.847,1.727,Elsevier
ACS Applied Materials and Interfaces,14.5,"91.0%
41/460
General Materials Science",321695.0,22250.0,85.0,1.264,1.921,American Chemical Society
Science China Chemistry,13.8,"91.0%
36/404
General Chemistry",16749.0,1217.0,85.0,1.252,2.377,Science China Press
Photonics Research,13.5,"92.0%
17/232
Atomic and Molecular Physics, and Optics",15811.0,1169.0,85.0,1.952,1.994,Optica Publishing Group (formerly OSA)
Applied Surface Science,13.4,"94.0%
23/443
Condensed Matter Physics",159550.0,11895.0,92.0,1.193,1.31,Elsevier
Journal of Energy Storage,13.3,"94.0%
50/970
Electrical and Electronic Engineering",150797.0,11360.0,85.0,1.85,1.76,Elsevier
International Journal of Hydrogen Energy,13.3,"94.0%
24/443
Condensed Matter Physics",211562.0,15946.0,86.0,1.777,1.685,Elsevier
Materials Chemistry Frontiers,13.2,"91.0%
28/324
Materials Chemistry",21876.0,1654.0,90.0,0.954,1.444,Royal Society of Chemistry
ChemSusChem,13.1,"93.0%
18/274
General Chemical Engineering",26170.0,1998.0,89.0,1.162,1.845,John Wiley & Sons
Alexandria Engineering Journal,12.9,"96.0%
12/344
General Engineering",46441.0,3595.0,86.0,1.932,1.037,Elsevier
Advanced Optical Materials,12.7,"92.0%
19/232
Atomic and Molecular Physics, and Optics",49786.0,3908.0,87.0,1.496,1.995,John Wiley & Sons
Chemical Science,12.6,"90.0%
40/404
General Chemistry",78708.0,6237.0,83.0,1.464,2.138,Royal Society of Chemistry
Solar Energy,12.6,"88.0%
52/460
General Materials Science",40908.0,3247.0,89.0,1.545,1.314,Elsevier
ACS Sustainable Chemistry and Engineering,12.5,"93.0%
19/274
General Chemical Engineering",81747.0,6527.0,87.0,1.254,1.623,American Chemical Society
ACS Materials Letters,12.5,"92.0%
20/274
General Chemical Engineering",16786.0,1344.0,81.0,1.429,2.655,American Chemical Society
Solar Energy Materials and Solar Cells,12.4,"90.0%
30/305
Electronic, Optical and Magnetic Materials",23805.0,1927.0,87.0,1.467,1.284,Elsevier
Ain Shams Engineering Journal,12.2,"94.0%
18/344
General Engineering",21670.0,1774.0,84.0,2.209,1.076,Ain Shams University
International Journal of Energy Research,12.1,"94.0%
5/80
Nuclear Energy and Engineering",42810.0,3533.0,92.0,1.018,0.873,John Wiley & Sons
Nanophotonics,12.1,"93.0%
67/970
Electrical and Electronic Engineering",17544.0,1452.0,91.0,1.686,1.765,Walter de Gruyter
Applied Materials Today,12.1,"88.0%
55/460
General Materials Science",18725.0,1543.0,83.0,1.206,1.421,Elsevier
Cell Reports Physical Science,12.0,"94.0%
20/344
General Engineering",19705.0,1642.0,83.0,1.266,2.098,Elsevier
Chemistry of Materials,12.0,"90.0%
27/274
General Chemical Engineering",45666.0,3815.0,86.0,1.313,2.065,American Chemical Society
Journal of Alloys and Compounds,11.8,"94.0%
38/720
Mechanical Engineering",224820.0,19043.0,88.0,1.253,1.192,Elsevier
ACS Photonics,11.7,"92.0%
74/970
Electrical and Electronic Engineering",21563.0,1836.0,83.0,1.705,1.992,American Chemical Society
Energy Reports,11.7,"81.0%
15/78
General Energy",77403.0,6591.0,90.0,1.393,1.172,Elsevier
Journal of Industrial and Engineering Chemistry,11.6,"89.0%
30/274
General Chemical Engineering",26162.0,2259.0,91.0,1.132,1.121,Korean Society of Industrial Engineering Chemistry
Journal of Building Engineering,11.5,"99.0%
2/203
Architecture",110264.0,9556.0,85.0,1.974,1.636,Elsevier
Science China Materials,11.3,"85.0%
65/460
General Materials Science",17385.0,1537.0,86.0,0.966,1.663,Science China Press
Advanced Materials Technologies,11.0,"91.0%
36/403
Mechanics of Materials",26662.0,2413.0,88.0,1.153,1.549,John Wiley & Sons
Solar RRL,10.9,"90.0%
91/970
Electrical and Electronic Engineering",20361.0,1865.0,87.0,0.8,1.544,John Wiley & Sons
Materials Today Chemistry,10.7,"88.0%
20/167
Polymers and Plastics",21552.0,2012.0,83.0,1.057,1.28,Elsevier
Advanced Electronic Materials,10.7,"87.0%
38/305
Electronic, Optical and Magnetic Materials",16509.0,1547.0,88.0,1.241,1.478,John Wiley & Sons
Electrochimica Acta,10.6,"87.0%
34/274
General Chemical Engineering",64636.0,6097.0,88.0,0.944,1.106,Elsevier
Journal of Molecular Liquids,10.5,"92.0%
34/443
Condensed Matter Physics",114614.0,10964.0,84.0,1.205,0.935,Elsevier
Arabian Journal of Chemistry,10.4,"87.0%
35/274
General Chemical Engineering",27280.0,2623.0,88.0,1.24,0.888,Elsevier
ACS Applied Energy Materials,10.2,"90.0%
97/970
Electrical and Electronic Engineering",55479.0,5450.0,86.0,0.871,1.378,American Chemical Society
Surface and Coatings Technology,10.2,"91.0%
38/443
Condensed Matter Physics",42060.0,4105.0,87.0,1.593,1.211,Elsevier
Nanoscale,9.9,"83.0%
76/460
General Materials Science",69515.0,7053.0,82.0,0.934,1.245,Royal Society of Chemistry
Inorganic Chemistry Frontiers,9.9,"90.0%
8/81
Inorganic Chemistry",25001.0,2532.0,81.0,0.949,1.276,Royal Society of Chemistry
Materials Research Bulletin,9.9,"91.0%
61/720
Mechanical Engineering",15924.0,1607.0,87.0,1.0,0.943,Elsevier
Polymers,9.7,"85.0%
58/404
Mechanical Engineering",27194.0,2828.0,90.0,0.863,1.154,John Wiley & Sons
Colloids and Surfaces A: Physicochemical and Engineering Aspects,9.6,"85.0%
28/187
Physical and Theoretical Chemistry",84824.0,8882.0,86.0,0.999,0.944,Elsevier
Results in Physics,9.6,"89.0%
27/246
General Physics and Astronomy",34959.0,3630.0,82.0,1.244,0.699,Elsevier
Energy and Fuels,9.5,"86.0%
38/274
General Chemical Engineering",57124.0,6022.0,84.0,1.145,1.124,American Chemical Society
Materials Advances,9.5,"83.0%
21/124
Chemistry (miscellaneous)",25508.0,2684.0,80.0,1.116,1.115,Royal Society of Chemistry
Journal of Materials Research and Technology,9.5,"88.0%
21/175
Metals and Alloys",93494.0,9846.0,83.0,1.749,1.318,Elsevier
Journal of Materials Chemistry C,9.3,"85.0%
60/404
General Chemistry",64054.0,6866.0,81.0,1.003,1.22,Royal Society of Chemistry
Optics and Laser Technology,9.2,"87.0%
121/970
Electrical and Electronic Engineering",40355.0,4383.0,88.0,1.623,1.0,Elsevier
Journal of Physics and Chemistry of Solids,9.2,"89.0%
47/443
Condensed Matter Physics",20430.0,2214.0,88.0,0.991,0.816,Elsevier
Nanomaterials,9.2,"85.0%
39/274
Inorganic Chemistry",17843.0,1931.0,91.0,1.109,0.81,Springer Nature
IEEE Access,9.0,"90.0%
32/344
General Engineering",402859.0,44988.0,78.0,1.504,0.849,IEEE
International Journal of Molecular Sciences,9.0,"90.0%
21/212
Infectious Diseases",52177.0,5772.0,83.0,1.191,1.393,Frontiers Media S.A.
Sustainable Energy and Fuels,8.8,"81.0%
56/299
Energy Engineering and Power Technology",16443.0,1864.0,82.0,0.79,1.019,Royal Society of Chemistry
Journal of Physical Chemistry Letters,8.7,"83.0%
31/187
Physical and Theoretical Chemistry",54718.0,6309.0,84.0,1.033,1.394,American Chemical Society
Molecules,8.6,"87.0%
26/212
Cognitive Neuroscience",32487.0,3790.0,85.0,1.092,1.479,Frontiers Media S.A.
Materials Chemistry and Physics,8.5,"88.0%
52/443
Condensed Matter Physics",48972.0,5764.0,87.0,1.007,0.808,Elsevier
Dyes and Pigments,8.5,"83.0%
47/274
General Chemical Engineering",27549.0,3230.0,89.0,0.825,0.68,Elsevier
Surfaces and Interfaces,8.5,"82.0%
24/132
Surfaces, Coatings and Films",36653.0,4301.0,78.0,1.185,1.036,Elsevier
Materials Science in Semiconductor Processing,8.4,"88.0%
53/443
Condensed Matter Physics",24575.0,2910.0,86.0,1.086,0.785,Elsevier
Frontiers in Chemistry,8.4,"82.0%
72/404
General Chemistry",32976.0,3905.0,85.0,0.894,0.83,Frontiers Media S.A.
Optik,8.3,"85.0%
140/970
Electrical and Electronic Engineering",42215.0,5073.0,87.0,0.924,0.505,Elsevier
Materials Characterization,8.2,"87.0%
58/443
Condensed Matter Physics",27969.0,3402.0,83.0,1.482,1.338,Elsevier
Journal of Electroanalytical Chemistry,8.1,"81.0%
50/274
General Chemical Engineering",25927.0,3195.0,86.0,0.729,0.76,Elsevier
Journal of Molecular Structure,8.0,"84.0%
34/212
Organic Chemistry",73958.0,9232.0,86.0,0.999,0.628,Elsevier
Chemical Engineering Science,7.9,"83.0%
65/402
Industrial and Manufacturing Engineering",31158.0,3968.0,86.0,1.166,0.84,Elsevier
Journal of King Saud University - Science,7.9,"91.0%
17/200
",15689.0,1985.0,76.0,1.181,0.662,Scientific Scholar
Polymer,7.7,"82.0%
37/212
Organic Chemistry",28405.0,3689.0,82.0,1.02,0.843,Elsevier
Silicon,7.7,"81.0%
56/305
Electronic, Optical and Magnetic Materials",20938.0,2708.0,85.0,1.07,0.553,Springer Nature
RSC Advances,7.6,"79.0%
82/404
General Chemistry",103335.0,13541.0,82.0,0.964,0.777,Royal Society of Chemistry
IEEE Electron Device Letters,7.6,"83.0%
160/970
Electrical and Electronic Engineering",15412.0,2018.0,79.0,1.578,1.15,IEEE
Materials Science and Engineering: B,7.5,"84.0%
69/443
Condensed Matter Physics",18696.0,2501.0,84.0,1.015,0.778,Elsevier
ACS Applied Electronic Materials,7.4,"79.0%
63/305
Electronic, Optical and Magnetic Materials",20285.0,2743.0,79.0,1.007,1.045,American Chemical Society
Inorganic Chemistry,7.4,"77.0%
19/81
Inorganic Chemistry",64180.0,8703.0,82.0,0.938,0.958,American Chemical Society
Chemical Communications,7.4,"82.0%
31/175
Metals and Alloys",74804.0,10099.0,80.0,0.781,1.037,Royal Society of Chemistry
Results in Engineering,7.3,"86.0%
46/344
Aerospace Engineering",17876.0,2457.0,83.0,1.806,1.277,Elsevier
Energies,7.3,"90.0%
15/160
Physiology (medical)",54979.0,7490.0,86.0,1.089,1.023,Frontiers Media S.A.
Physical Review Applied,7.2,"84.0%
38/246
General Physics and Astronomy",26315.0,3632.0,80.0,1.199,1.288,American Physical Society
Journal of the American Ceramic Society,7.2,"74.0%
82/324
Materials Chemistry",18653.0,2583.0,86.0,1.094,0.811,John Wiley & Sons
ACS Omega,7.1,"77.0%
92/404
General Chemistry",112414.0,15934.0,81.0,1.01,0.773,American Chemical Society
Journal of Luminescence,7.0,"83.0%
75/443
Condensed Matter Physics",19158.0,2745.0,88.0,0.886,0.585,Elsevier
Vacuum,7.0,"84.0%
27/174
Instrumentation",23717.0,3410.0,83.0,1.154,0.783,Elsevier
ACS Applied Polymer Materials,6.9,"78.0%
46/212
Organic Chemistry",27227.0,3973.0,78.0,0.908,0.981,American Chemical Society
iScience,6.9,"89.0%
21/200
",63057.0,9105.0,77.0,1.0,1.363,Elsevier
Optical Materials,6.8,"80.0%
194/970
Electrical and Electronic Engineering",36169.0,5357.0,80.0,0.953,0.699,Elsevier
Physical Review Research,6.8,"82.0%
43/246
General Physics and Astronomy",34927.0,5137.0,79.0,1.169,1.593,American Physical Society
Journal of Solid State Chemistry,6.8,"81.0%
82/443
Condensed Matter Physics",18495.0,2720.0,84.0,0.702,0.629,Elsevier
Polymer Bulletin,6.7,"80.0%
86/443
Condensed Matter Physics",15806.0,2364.0,81.0,0.952,0.658,Springer Nature
Industrial and Engineering Chemistry Research,6.7,"80.0%
79/402
Industrial and Manufacturing Engineering",43891.0,6591.0,79.0,0.931,0.828,American Chemical Society
Inorganic Chemistry Communications,6.7,"72.0%
52/187
Physical and Theoretical Chemistry",31521.0,4677.0,79.0,0.885,0.758,Elsevier
Scientific Reports,6.7,"89.0%
22/200
",658772.0,98257.0,75.0,1.213,0.874,Springer Nature
Arabian Journal for Science and Engineering,6.5,"88.0%
23/200
",25733.0,3986.0,83.0,1.003,0.521,Springer Nature
Journal of Physics D: Applied Physics,6.4,"87.0%
7/51
Acoustics and Ultrasonics",25554.0,4004.0,81.0,0.974,0.65,Institute of Physics Publishing
Materials,6.4,"79.0%
91/443
Atomic and Molecular Physics, and Optics",92097.0,14308.0,78.0,1.247,0.93,Optica Publishing Group (formerly OSA)
Journal of Physical Chemistry C,6.2,"74.0%
34/132
Surfaces, Coatings and Films",59841.0,9680.0,81.0,0.801,0.914,American Chemical Society
Nanotechnology,6.2,"79.0%
151/720
Mechanical Engineering",23953.0,3837.0,83.0,0.615,0.597,Institute of Physics Publishing
Physical Review B,6.2,"77.0%
100/443
Condensed Matter Physics",123689.0,20077.0,79.0,0.962,1.303,American Physical Society
"Computers, Materials and Continua",6.1,"86.0%
51/361
Modeling and Simulation",26404.0,4307.0,75.0,0.675,0.431,Tech Science Press
Applied Physics Letters,6.1,"85.0%
13/87
Physics and Astronomy (miscellaneous)",57733.0,9442.0,78.0,1.001,0.896,American Institute of Physics
Journal of the Electrochemical Society,6.1,"77.0%
102/443
Condensed Matter Physics",32495.0,5305.0,79.0,0.76,0.774,Institute of Physics Publishing
Electronics (Switzerland),6.1,"76.0%
228/970
Condensed Matter Physics",42748.0,7164.0,78.0,0.837,0.763,American Chemical Society
Dalton Transactions,6.0,"64.0%
29/81
Inorganic Chemistry",44396.0,7376.0,80.0,0.691,0.653,Royal Society of Chemistry
IEEE Transactions on Electron Devices,6.0,"75.0%
238/970
Electrical and Electronic Engineering",25685.0,4306.0,79.0,1.389,0.788,IEEE
Chemical Physics Letters,5.9,"80.0%
49/246
General Physics and Astronomy",15699.0,2673.0,78.0,0.687,0.546,Elsevier
Physical Review Materials,5.9,"84.0%
14/87
Physics and Astronomy (miscellaneous)",15606.0,2649.0,79.0,1.002,0.945,American Physical Society
Journal of Applied Polymer Science,5.8,"72.0%
37/132
Surfaces, Coatings and Films",35769.0,6164.0,82.0,0.7,0.572,John Wiley & Sons
Materials Today Communications,5.8,"72.0%
113/403
Mechanics of Materials",53586.0,9284.0,76.0,1.002,0.788,Elsevier
Crystal Growth and Design,5.6,"74.0%
113/443
Condensed Matter Physics",18736.0,3323.0,80.0,0.901,0.633,American Chemical Society
European Physical Journal Plus,5.5,"79.0%
52/246
General Physics and Astronomy",26304.0,4758.0,74.0,0.934,0.487,Springer Nature
PLOS ONE,5.4,"86.0%
28/200
",341421.0,62774.0,72.0,1.065,0.803,Public Library of Science
Materials Letters,5.4,"74.0%
182/720
Mechanical Engineering",42937.0,7925.0,80.0,0.664,0.591,Elsevier
Coatings,5.4,"66.0%
45/132
General Physics and Astronomy",41224.0,7847.0,77.0,0.911,0.819,American Institute of Physics
Journal of Physical Chemistry B,5.3,"64.0%
47/132
Surfaces, Coatings and Films",22965.0,4345.0,79.0,0.811,0.742,American Chemical Society
Physical Chemistry Chemical Physics,5.3,"75.0%
60/246
General Physics and Astronomy",57812.0,10957.0,78.0,0.795,0.698,Royal Society of Chemistry
Metals,5.3,"78.0%
39/175
Condensed Matter Physics",15910.0,3088.0,78.0,0.619,0.52,Royal Society of Chemistry
Journal of Applied Physics,5.1,"79.0%
18/87
Physics and Astronomy (miscellaneous)",34768.0,6876.0,75.0,0.979,0.58,American Institute of Physics
Journal of Materials Science: Materials in Electronics,5.1,"70.0%
287/970
Electrical and Electronic Engineering",45995.0,9007.0,77.0,0.712,0.529,Springer Nature
New Journal of Chemistry,5.0,"63.0%
147/404
General Chemistry",44294.0,8842.0,78.0,0.521,0.493,Royal Society of Chemistry
Physica B: Condensed Matter,5.0,"69.0%
294/970
Electrical and Electronic Engineering",15454.0,3089.0,74.0,0.862,0.506,Elsevier
Crystals,5.0,"68.0%
139/443
Economics and Econometrics",24364.0,4841.0,74.0,0.7,0.553,Frontiers Media S.A.
Applied Physics A: Materials Science and Processing,4.9,"63.0%
149/404
General Chemistry",18801.0,3823.0,76.0,0.75,0.486,Springer Nature
Journal of Physical Chemistry A,4.8,"51.0%
91/187
Physical and Theoretical Chemistry",18879.0,3898.0,77.0,0.867,0.634,American Chemical Society
Optics Communications,4.8,"68.0%
308/970
Electrical and Electronic Engineering",15537.0,3261.0,78.0,0.864,0.526,Elsevier
PeerJ,4.3,"83.0%
114/668
General Medicine",35134.0,8107.0,73.0,0.799,0.625,PeerJ Inc.
Heliyon,4.1,"80.0%
39/200
",140775.0,34462.0,64.0,1.123,0.644,Elsevier
Physica Scripta,3.1,"72.0%
25/89
Mathematical Physics",25754.0,8370.0,58.0,0.737,0.388,Institute of Physics Publishing
ChemistrySelect,3.0,"45.0%
219/404
General Chemistry",24390.0,8238.0,64.0,0.434,0.366,John Wiley & Sons
AIP Advances,2.6,"48.0%
126/246
General Physics and Astronomy",16246.0,6246.0,63.0,0.602,0.32,American Institute of Physics
Chinese Chemical Letters,15.7,"92.0%
29/404
General Chemistry",57724.0,3681.0,95.0,1.253,1.677,Elsevier
Journal of King Saud University - Science,7.9,"91.0%
17/200
Geophysics",19069.0,2406.0,84.0,1.538,1.82,John Wiley & Sons
Journal of the European Ceramic Society,11.5,"88.0%
38/324
Materials Chemistry",38315.0,3332.0,92.0,1.708,1.3,Elsevier
Polymers,9.7,"85.0%
58/404
Oncology",121190.0,105.0,94.0,201.167,145.004,John Wiley & Sons
